Carlos, García Pérez, 10000001A, 600000001, carlosgarciaperez@gmail.com
María, Martínez Rodríguez, 10000002B, 600000002, mariamartinezrodriguez@gmail.com
Pedro, Fernández Sánchez, 10000003C, 600000003, pedrofernandezsanchez@gmail.com
Ana, López García, 10000004D, 600000004, analopezgarcia@gmail.com
Javier, Pérez González, 10000005E, 600000005, javierperezgonzalez@gmail.com
Laura, González Rodríguez, 10000006F, 600000006, lauragonzalezrodriguez@gmail.com
Manuel, García López, 10000007G, 600000007, manuelgarcialopez@gmail.com
Marta, Sánchez Martínez, 10000008H, 600000008, martasanchezmartinez@gmail.com
David, Rodríguez Fernández, 10000009I, 600000009, davidrodriguezfernandez@gmail.com
Elena, Fernández Pérez, 10000010J, 600000010, elenafernandezperez@gmail.com
Pablo, Martín González, 10000011K, 600000011, pablomartingonzalez@gmail.com
Sonia, Gómez Rodríguez, 10000012L, 600000012, soniagomezrodriguez@gmail.com
Luis, Hernández García, 10000013M, 600000013, luishernandezgarcia@gmail.com
Sara, Ruiz López, 10000014N, 600000014, sararuizlopez@gmail.com
Raúl, Morales Pérez, 10000015O, 600000015, raulmoralesperez@gmail.com
Lucía, Blanco Sánchez, 10000016P, 600000016, luciablancosanchez@gmail.com
Alberto, Castro Rodríguez, 10000017Q, 600000017, albertocastrorodriguez@gmail.com
Clara, Ortega García, 10000018R, 600000018, claraortegagarcia@gmail.com
Miguel, Navarro López, 10000019S, 600000019, miguelnavarrolopez@gmail.com
Rosa, Romero Pérez, 10000020T, 600000020, rosaromeroperez@gmail.com
José, Molina González, 10000021U, 600000021, josemolinagonzalez@gmail.com
Isabel, Torres Rodríguez, 10000022V, 600000022, isabeltorresrodriguez@gmail.com
Sergio, Gil García, 10000023W, 600000023, sergiogilgarcia@gmail.com
Laura, Ramos López, 10000024X, 600000024, lauraramoslopez@gmail.com
Carlos, Vázquez Pérez, 10000025Y, 600000025, carlosvazquezperez@gmail.com
Paula, Medina González, 10000026Z, 600000026, paulamedinagonzalez@gmail.com
Juan, Rojas Rodríguez, 10000027A, 600000027, juanrojasrodriguez@gmail.com
Cristina, Jiménez García, 10000028B, 600000028, cristinajimenezgarcia@gmail.com
Antonio, Ruiz López, 10000029C, 600000029, antonioruizlopez@gmail.com
Teresa, Ortiz Pérez, 10000030D, 600000030, teresaortizperez@gmail.com
Andrés, Pérez Sánchez, 10000031E, 600000031, andresperezsanchez@gmail.com
Patricia, Serrano González, 10000032F, 600000032, patriciaserranogonzalez@gmail.com
Víctor, Vargas Rodríguez, 10000033G, 600000033, victorvargasrodriguez@gmail.com
Beatriz, Vega García, 10000034H, 600000034, beatrizvegagarcia@gmail.com
Francisco, Ortega López, 10000035I, 600000035, franciscoortegalopez@gmail.com
Sandra, Torres Pérez, 10000036J, 600000036, sandratorresperez@gmail.com
Iván, Castillo González, 10000037K, 600000037, ivancastillogonzalez@gmail.com
Carmen, Díaz Rodríguez, 10000038L, 600000038, carmendiazrodriguez@gmail.com
Álvaro, Morales García, 10000039M, 600000039, alvaromoralesgarcia@gmail.com
Raquel, Fernández López, 10000040N, 600000040, raquelfernandezlopez@gmail.com
Alejandro, Romero Pérez, 10000041O, 600000041, alejandroromeroperez@gmail.com
Lorena, Torres González, 10000042P, 600000042, lorenaorresgonzalez@gmail.com
Héctor, Martínez Rodríguez, 10000043Q, 600000043, hectormartinezrodriguez@gmail.com
Lucía, López García, 10000044R, 600000044, lucialopezgarcia@gmail.com
Pedro, García Martínez, 10000045S, 600000045, pedrogarciamartinez@gmail.com
Ana, Martínez González, 10000046T, 600000046, anamartinezgonzalez@gmail.com
David, Fernández Rodríguez, 10000047U, 600000047, davidfernandezrodriguez@gmail.com
Laura, López García, 10000048V, 600000048, lauralopezgarcia@gmail.com
Carlos, Gómez González, 10000049W, 600000049, carlosgomezgonzalez@gmail.com
María, Ruiz Rodríguez, 10000050X, 600000050, mariaruizrodriguez@gmail.com
Sofía, Martín García, 10000051Y, 600000051, sofiamartingarcia@gmail.com
Juan, García López, 10000052Z, 600000052, juangarcia@gmail.com
Marta, González Pérez, 10000053A, 600000053, martagonzalezperez@gmail.com
Alberto, Rodríguez Sánchez, 10000054B, 600000054, albertrodriguezsanchez@gmail.com
Cristina, Fernández Gómez, 10000055C, 600000055, cristinafernandez@gmail.com
Pablo, López Rodríguez, 10000056D, 600000056, pablolopezrodriguez@gmail.com
Ana, Sánchez Martín, 10000057E, 600000057, anasanchezmartin@gmail.com
Daniel, García López, 10000058F, 600000058, danielgarcialopez@gmail.com
Carla, Pérez Sánchez, 10000059G, 600000059, carlaperezsanchez@gmail.com
Fernando, Ruiz Martín, 10000060H, 600000060, fernandoruizmartin@gmail.com
Laura, González García, 10000061I, 600000061, lauragonzalezgarcia@gmail.com
Hugo, Gómez Rodríguez, 10000062J, 600000062, hugogomezrodriguez@gmail.com
Elena, Martínez Sánchez, 10000063K, 600000063, elenamartinezsanchez@gmail.com
Carlos, García Fernández, 10000064L, 600000064, carlosgarciafernandez@gmail.com
Isabel, López Martín, 10000065M, 600000065, isabellopezmartin@gmail.com
Miguel, Pérez García, 10000066N, 600000066, miguelperezgarcia@gmail.com
Daniela, Fernández Sánchez, 10000067O, 600000067, danielafernandezsanchez@gmail.com
Lucas, Ruiz Rodríguez, 10000068P, 600000068, lucasruizrodriguez@gmail.com
Lucía, Gómez Fernández, 10000069Q, 600000069, luciagomezfernandez@gmail.com
Pedro, González Martín, 10000070R, 600000070, pedrogonzalezmartin@gmail.com
Alba, Pérez Sánchez, 10000071S, 600000071, albaperezsanchez@gmail.com
Carlos, García López, 10000072T, 600000072, carlosgarcialopez@gmail.com
Juan, Fernández González, 10000073U, 600000073, juanfernandezgonzalez@gmail.com
Marta, Gómez Rodríguez, 10000074V, 600000074, martagomezrodriguez@gmail.com
Lucía, Álvarez Cano, 10000075Z, 600000075, luciaalvarezcano@gmail.com
Jorge, Ramos Luna, 10000076B, 600000076, jorgeramosluna@gmail.com
Verónica, Pérez López, 10000077P, 600000077, veronicaperezlopez@gmail.com
Isabel, Molina García, 10000078V, 600000078, isabelmolinagarcia@gmail.com
Raúl, Díaz Hernández, 10000079W, 600000079, rauldiazhernandez@gmail.com
Cristina, Navarro Torres, 10000080X, 600000080, cristinanavarrotorres@gmail.com
Miguel, Ortega Blanco, 10000081Y, 600000081, miguelortegablanco@gmail.com
Elena, Sánchez Ruiz, 10000082Z, 600000082, elenasanchezruiz@gmail.com
Sergio, Romero López, 10000083A, 600000083, sergioromerolopez@gmail.com
Paula, García Pérez, 10000084B, 600000084, paulagarciaperez@gmail.com
Daniel, Ruiz García, 10000085C, 600000085, danielruizgarcia@gmail.com
María, Fernández López, 10000086D, 600000086, mariafernandezlopez@gmail.com
Alberto, Torres Pérez, 10000087E, 600000087, albertotorresperez@gmail.com
Ana, Gutiérrez Sánchez, 10000088F, 600000088, anagutierrezsanchez@gmail.com
David, García López, 10000089G, 600000089, davidgarcialopez@gmail.com
Sara, López Gómez, 10000090H, 600000090, saralopezgomez@gmail.com
Luis, Pérez Fernández, 10000091I, 600000091, luisperezfernandez@gmail.com
Eva, Martín Sánchez, 10000092J, 600000092, evamartinsanchez@gmail.com
Manuel, González López, 10000093K, 600000093, manuelgonzalezlopez@gmail.com
Laura, Gutiérrez Pérez, 10000094L, 600000094, lauragutierrezperez@gmail.com
Carlos, Ruiz García, 10000095M, 600000095, carlosruizgarcia@gmail.com
Jorge, Molina Fernández, 10000096N, 600000096, jorgemolinafernandez@gmail.com
María, Rodríguez López, 10000097O, 600000097, mariarodriguezlopez@gmail.com
Fernando, García Pérez, 10000098P, 600000098, fernandogarciaperez@gmail.com
Cristina, Torres Sánchez, 10000099Q, 600000099, cristinatorressanchez@gmail.com
Isabel, Ruiz Fernández, 10000100R, 600000100, isabelruizfernandez@gmail.com
Iñigo, Salazar Boraita, 78965415C, 654654654, a@gmail.com
